{
    "v": "5.7.8",
    "fr": 45,
    "ip": 0,
    "op": 85,
    "w": 328,
    "h": 48,
    "nm": "Loader_Plane_VOI_Desktop",
    "ddd": 0,
    "assets": [
      {
        "id": "comp_0",
        "layers": [
          {
            "ddd": 0,
            "ind": 1,
            "ty": 4,
            "nm": "Active",
            "sr": 1,
            "ks": {
              "o": {"a": 0, "k": 100, "ix": 11},
              "r": {"a": 0, "k": 0, "ix": 10},
              "p": {"a": 0, "k": [164, 24, 0], "ix": 2, "l": 2},
              "a": {"a": 0, "k": [144.25, 4.25, 0], "ix": 1, "l": 2},
              "s": {"a": 0, "k": [100, 100, 100], "ix": 6, "l": 2}
            },
            "ao": 0,
            "shapes": [
              {
                "ty": "gr",
                "it": [
                  {
                    "ind": 0,
                    "ty": "sh",
                    "ix": 1,
                    "ks": {
                      "a": 0,
                      "k": {
                        "i": [
                          [0, -2.209],
                          [2.209, 0],
                          [0, 2.209],
                          [-2.209, 0]
                        ],
                        "o": [
                          [0, 2.209],
                          [-2.209, 0],
                          [0, -2.209],
                          [2.209, 0]
                        ],
                        "v": [
                          [4, 0],
                          [0, 4],
                          [-4, 0],
                          [0, -4]
                        ],
                        "c": true
                      },
                      "ix": 2
                    },
                    "nm": "Trazado 1",
                    "mn": "ADBE Vector Shape - Group",
                    "hd": false
                  },
                  {
                    "ty": "fl",
                    "c": {
                      "a": 0,
                      "k": [
                        0.5647058823529412, 0.792156862745098, 0.9764705882352941,
                        1
                      ],
                      "ix": 4
                    },
                    "o": {"a": 0, "k": 100, "ix": 5},
                    "r": 1,
                    "bm": 0,
                    "nm": "Relleno 1",
                    "mn": "ADBE Vector Graphic - Fill",
                    "hd": false
                  },
                  {
                    "ty": "tr",
                    "p": {"a": 0, "k": [284.25, 4.25], "ix": 2},
                    "a": {"a": 0, "k": [0, 0], "ix": 1},
                    "s": {"a": 0, "k": [100, 100], "ix": 3},
                    "r": {"a": 0, "k": 0, "ix": 6},
                    "o": {"a": 0, "k": 100, "ix": 7},
                    "sk": {"a": 0, "k": 0, "ix": 4},
                    "sa": {"a": 0, "k": 0, "ix": 5},
                    "nm": "Transformar"
                  }
                ],
                "nm": "Grupo 1",
                "np": 2,
                "cix": 2,
                "bm": 0,
                "ix": 1,
                "mn": "ADBE Vector Group",
                "hd": false
              },
              {
                "ty": "gr",
                "it": [
                  {
                    "ind": 0,
                    "ty": "sh",
                    "ix": 1,
                    "ks": {
                      "a": 0,
                      "k": {
                        "i": [
                          [0, -2.209],
                          [2.209, 0],
                          [0, 2.209],
                          [-2.209, 0]
                        ],
                        "o": [
                          [0, 2.209],
                          [-2.209, 0],
                          [0, -2.209],
                          [2.209, 0]
                        ],
                        "v": [
                          [4, 0],
                          [0, 4],
                          [-4, 0],
                          [0, -4]
                        ],
                        "c": true
                      },
                      "ix": 2
                    },
                    "nm": "Trazado 1",
                    "mn": "ADBE Vector Shape - Group",
                    "hd": false
                  },
                  {
                    "ty": "fl",
                    "c": {
                      "a": 0,
                      "k": [
                        0.5647058823529412, 0.792156862745098, 0.9764705882352941,
                        1
                      ],
                      "ix": 4
                    },
                    "o": {"a": 0, "k": 100, "ix": 5},
                    "r": 1,
                    "bm": 0,
                    "nm": "Relleno 1",
                    "mn": "ADBE Vector Graphic - Fill",
                    "hd": false
                  },
                  {
                    "ty": "tr",
                    "p": {"a": 0, "k": [244.25, 4.25], "ix": 2},
                    "a": {"a": 0, "k": [0, 0], "ix": 1},
                    "s": {"a": 0, "k": [100, 100], "ix": 3},
                    "r": {"a": 0, "k": 0, "ix": 6},
                    "o": {"a": 0, "k": 100, "ix": 7},
                    "sk": {"a": 0, "k": 0, "ix": 4},
                    "sa": {"a": 0, "k": 0, "ix": 5},
                    "nm": "Transformar"
                  }
                ],
                "nm": "Grupo 2",
                "np": 2,
                "cix": 2,
                "bm": 0,
                "ix": 2,
                "mn": "ADBE Vector Group",
                "hd": false
              },
              {
                "ty": "gr",
                "it": [
                  {
                    "ind": 0,
                    "ty": "sh",
                    "ix": 1,
                    "ks": {
                      "a": 0,
                      "k": {
                        "i": [
                          [0, -2.209],
                          [2.209, 0],
                          [0, 2.209],
                          [-2.209, 0]
                        ],
                        "o": [
                          [0, 2.209],
                          [-2.209, 0],
                          [0, -2.209],
                          [2.209, 0]
                        ],
                        "v": [
                          [4, 0],
                          [0, 4],
                          [-4, 0],
                          [0, -4]
                        ],
                        "c": true
                      },
                      "ix": 2
                    },
                    "nm": "Trazado 1",
                    "mn": "ADBE Vector Shape - Group",
                    "hd": false
                  },
                  {
                    "ty": "fl",
                    "c": {
                      "a": 0,
                      "k": [
                        0.5647058823529412, 0.792156862745098, 0.9764705882352941,
                        1
                      ],
                      "ix": 4
                    },
                    "o": {"a": 0, "k": 100, "ix": 5},
                    "r": 1,
                    "bm": 0,
                    "nm": "Relleno 1",
                    "mn": "ADBE Vector Graphic - Fill",
                    "hd": false
                  },
                  {
                    "ty": "tr",
                    "p": {"a": 0, "k": [204.25, 4.25], "ix": 2},
                    "a": {"a": 0, "k": [0, 0], "ix": 1},
                    "s": {"a": 0, "k": [100, 100], "ix": 3},
                    "r": {"a": 0, "k": 0, "ix": 6},
                    "o": {"a": 0, "k": 100, "ix": 7},
                    "sk": {"a": 0, "k": 0, "ix": 4},
                    "sa": {"a": 0, "k": 0, "ix": 5},
                    "nm": "Transformar"
                  }
                ],
                "nm": "Grupo 3",
                "np": 2,
                "cix": 2,
                "bm": 0,
                "ix": 3,
                "mn": "ADBE Vector Group",
                "hd": false
              },
              {
                "ty": "gr",
                "it": [
                  {
                    "ind": 0,
                    "ty": "sh",
                    "ix": 1,
                    "ks": {
                      "a": 0,
                      "k": {
                        "i": [
                          [0, -2.209],
                          [2.209, 0],
                          [0, 2.209],
                          [-2.209, 0]
                        ],
                        "o": [
                          [0, 2.209],
                          [-2.209, 0],
                          [0, -2.209],
                          [2.209, 0]
                        ],
                        "v": [
                          [4, 0],
                          [0, 4],
                          [-4, 0],
                          [0, -4]
                        ],
                        "c": true
                      },
                      "ix": 2
                    },
                    "nm": "Trazado 1",
                    "mn": "ADBE Vector Shape - Group",
                    "hd": false
                  },
                  {
                    "ty": "fl",
                    "c": {
                      "a": 0,
                      "k": [
                        0.5647058823529412, 0.792156862745098, 0.9764705882352941,
                        1
                      ],
                      "ix": 4
                    },
                    "o": {"a": 0, "k": 100, "ix": 5},
                    "r": 1,
                    "bm": 0,
                    "nm": "Relleno 1",
                    "mn": "ADBE Vector Graphic - Fill",
                    "hd": false
                  },
                  {
                    "ty": "tr",
                    "p": {"a": 0, "k": [164.25, 4.25], "ix": 2},
                    "a": {"a": 0, "k": [0, 0], "ix": 1},
                    "s": {"a": 0, "k": [100, 100], "ix": 3},
                    "r": {"a": 0, "k": 0, "ix": 6},
                    "o": {"a": 0, "k": 100, "ix": 7},
                    "sk": {"a": 0, "k": 0, "ix": 4},
                    "sa": {"a": 0, "k": 0, "ix": 5},
                    "nm": "Transformar"
                  }
                ],
                "nm": "Grupo 4",
                "np": 2,
                "cix": 2,
                "bm": 0,
                "ix": 4,
                "mn": "ADBE Vector Group",
                "hd": false
              },
              {
                "ty": "gr",
                "it": [
                  {
                    "ind": 0,
                    "ty": "sh",
                    "ix": 1,
                    "ks": {
                      "a": 0,
                      "k": {
                        "i": [
                          [0, -2.209],
                          [2.209, 0],
                          [0, 2.209],
                          [-2.209, 0]
                        ],
                        "o": [
                          [0, 2.209],
                          [-2.209, 0],
                          [0, -2.209],
                          [2.209, 0]
                        ],
                        "v": [
                          [4, 0],
                          [0, 4],
                          [-4, 0],
                          [0, -4]
                        ],
                        "c": true
                      },
                      "ix": 2
                    },
                    "nm": "Trazado 1",
                    "mn": "ADBE Vector Shape - Group",
                    "hd": false
                  },
                  {
                    "ty": "fl",
                    "c": {
                      "a": 0,
                      "k": [
                        0.5647058823529412, 0.792156862745098, 0.9764705882352941,
                        1
                      ],
                      "ix": 4
                    },
                    "o": {"a": 0, "k": 100, "ix": 5},
                    "r": 1,
                    "bm": 0,
                    "nm": "Relleno 1",
                    "mn": "ADBE Vector Graphic - Fill",
                    "hd": false
                  },
                  {
                    "ty": "tr",
                    "p": {"a": 0, "k": [124.25, 4.25], "ix": 2},
                    "a": {"a": 0, "k": [0, 0], "ix": 1},
                    "s": {"a": 0, "k": [100, 100], "ix": 3},
                    "r": {"a": 0, "k": 0, "ix": 6},
                    "o": {"a": 0, "k": 100, "ix": 7},
                    "sk": {"a": 0, "k": 0, "ix": 4},
                    "sa": {"a": 0, "k": 0, "ix": 5},
                    "nm": "Transformar"
                  }
                ],
                "nm": "Grupo 5",
                "np": 2,
                "cix": 2,
                "bm": 0,
                "ix": 5,
                "mn": "ADBE Vector Group",
                "hd": false
              },
              {
                "ty": "gr",
                "it": [
                  {
                    "ind": 0,
                    "ty": "sh",
                    "ix": 1,
                    "ks": {
                      "a": 0,
                      "k": {
                        "i": [
                          [0, -2.209],
                          [2.209, 0],
                          [0, 2.209],
                          [-2.209, 0]
                        ],
                        "o": [
                          [0, 2.209],
                          [-2.209, 0],
                          [0, -2.209],
                          [2.209, 0]
                        ],
                        "v": [
                          [4, 0],
                          [0, 4],
                          [-4, 0],
                          [0, -4]
                        ],
                        "c": true
                      },
                      "ix": 2
                    },
                    "nm": "Trazado 1",
                    "mn": "ADBE Vector Shape - Group",
                    "hd": false
                  },
                  {
                    "ty": "fl",
                    "c": {
                      "a": 0,
                      "k": [
                        0.5647058823529412, 0.792156862745098, 0.9764705882352941,
                        1
                      ],
                      "ix": 4
                    },
                    "o": {"a": 0, "k": 100, "ix": 5},
                    "r": 1,
                    "bm": 0,
                    "nm": "Relleno 1",
                    "mn": "ADBE Vector Graphic - Fill",
                    "hd": false
                  },
                  {
                    "ty": "tr",
                    "p": {"a": 0, "k": [84.25, 4.25], "ix": 2},
                    "a": {"a": 0, "k": [0, 0], "ix": 1},
                    "s": {"a": 0, "k": [100, 100], "ix": 3},
                    "r": {"a": 0, "k": 0, "ix": 6},
                    "o": {"a": 0, "k": 100, "ix": 7},
                    "sk": {"a": 0, "k": 0, "ix": 4},
                    "sa": {"a": 0, "k": 0, "ix": 5},
                    "nm": "Transformar"
                  }
                ],
                "nm": "Grupo 6",
                "np": 2,
                "cix": 2,
                "bm": 0,
                "ix": 6,
                "mn": "ADBE Vector Group",
                "hd": false
              },
              {
                "ty": "gr",
                "it": [
                  {
                    "ind": 0,
                    "ty": "sh",
                    "ix": 1,
                    "ks": {
                      "a": 0,
                      "k": {
                        "i": [
                          [0, -2.209],
                          [2.209, 0],
                          [0, 2.209],
                          [-2.209, 0]
                        ],
                        "o": [
                          [0, 2.209],
                          [-2.209, 0],
                          [0, -2.209],
                          [2.209, 0]
                        ],
                        "v": [
                          [4, 0],
                          [0, 4],
                          [-4, 0],
                          [0, -4]
                        ],
                        "c": true
                      },
                      "ix": 2
                    },
                    "nm": "Trazado 1",
                    "mn": "ADBE Vector Shape - Group",
                    "hd": false
                  },
                  {
                    "ty": "fl",
                    "c": {
                      "a": 0,
                      "k": [
                        0.5647058823529412, 0.792156862745098, 0.9764705882352941,
                        1
                      ],
                      "ix": 4
                    },
                    "o": {"a": 0, "k": 100, "ix": 5},
                    "r": 1,
                    "bm": 0,
                    "nm": "Relleno 1",
                    "mn": "ADBE Vector Graphic - Fill",
                    "hd": false
                  },
                  {
                    "ty": "tr",
                    "p": {"a": 0, "k": [44.25, 4.25], "ix": 2},
                    "a": {"a": 0, "k": [0, 0], "ix": 1},
                    "s": {"a": 0, "k": [100, 100], "ix": 3},
                    "r": {"a": 0, "k": 0, "ix": 6},
                    "o": {"a": 0, "k": 100, "ix": 7},
                    "sk": {"a": 0, "k": 0, "ix": 4},
                    "sa": {"a": 0, "k": 0, "ix": 5},
                    "nm": "Transformar"
                  }
                ],
                "nm": "Grupo 7",
                "np": 2,
                "cix": 2,
                "bm": 0,
                "ix": 7,
                "mn": "ADBE Vector Group",
                "hd": false
              },
              {
                "ty": "gr",
                "it": [
                  {
                    "ind": 0,
                    "ty": "sh",
                    "ix": 1,
                    "ks": {
                      "a": 0,
                      "k": {
                        "i": [
                          [0, -2.209],
                          [2.209, 0],
                          [0, 2.209],
                          [-2.209, 0]
                        ],
                        "o": [
                          [0, 2.209],
                          [-2.209, 0],
                          [0, -2.209],
                          [2.209, 0]
                        ],
                        "v": [
                          [4, 0],
                          [0, 4],
                          [-4, 0],
                          [0, -4]
                        ],
                        "c": true
                      },
                      "ix": 2
                    },
                    "nm": "Trazado 1",
                    "mn": "ADBE Vector Shape - Group",
                    "hd": false
                  },
                  {
                    "ty": "fl",
                    "c": {
                      "a": 0,
                      "k": [
                        0.5647058823529412, 0.792156862745098, 0.9764705882352941,
                        1
                      ],
                      "ix": 4
                    },
                    "o": {"a": 0, "k": 100, "ix": 5},
                    "r": 1,
                    "bm": 0,
                    "nm": "Relleno 1",
                    "mn": "ADBE Vector Graphic - Fill",
                    "hd": false
                  },
                  {
                    "ty": "tr",
                    "p": {"a": 0, "k": [4.25, 4.25], "ix": 2},
                    "a": {"a": 0, "k": [0, 0], "ix": 1},
                    "s": {"a": 0, "k": [100, 100], "ix": 3},
                    "r": {"a": 0, "k": 0, "ix": 6},
                    "o": {"a": 0, "k": 100, "ix": 7},
                    "sk": {"a": 0, "k": 0, "ix": 4},
                    "sa": {"a": 0, "k": 0, "ix": 5},
                    "nm": "Transformar"
                  }
                ],
                "nm": "Grupo 8",
                "np": 2,
                "cix": 2,
                "bm": 0,
                "ix": 8,
                "mn": "ADBE Vector Group",
                "hd": false
              }
            ],
            "ip": 0,
            "op": 87,
            "st": 0,
            "bm": 0
          }
        ]
      }
    ],
    "layers": [
      {
        "ddd": 0,
        "ind": 1,
        "ty": 4,
        "nm": "Plane",
        "sr": 1,
        "ks": {
          "o": {"a": 0, "k": 100, "ix": 11},
          "r": {"a": 0, "k": 0, "ix": 10},
          "p": {
            "s": true,
            "x": {
              "a": 1,
              "k": [
                {
                  "i": {"x": [0.528], "y": [1]},
                  "o": {"x": [0.333], "y": [0]},
                  "t": 0,
                  "s": [23.768]
                },
                {"t": 87, "s": [302.768]}
              ],
              "ix": 3
            },
            "y": {
              "a": 1,
              "k": [
                {
                  "i": {"x": [0.997], "y": [1]},
                  "o": {"x": [0.003], "y": [0]},
                  "t": 0,
                  "s": [24]
                },
                {"t": 87, "s": [24]}
              ],
              "ix": 4
            }
          },
          "a": {"a": 0, "k": [20.16, 19.25, 0], "ix": 1, "l": 2},
          "s": {"a": 0, "k": [100, 100, 100], "ix": 6, "l": 2}
        },
        "ao": 0,
        "shapes": [
          {
            "ty": "gr",
            "it": [
              {
                "ind": 0,
                "ty": "sh",
                "ix": 1,
                "ks": {
                  "a": 0,
                  "k": {
                    "i": [
                      [-1.4, 0],
                      [-0.4, 0.6],
                      [0, 0],
                      [0, 0],
                      [0, 1.66],
                      [1.66, 0],
                      [0, 0],
                      [0, 0],
                      [0.72, 0],
                      [-0.42, -1.36],
                      [0, 0],
                      [0, 0],
                      [0, 0],
                      [0.32, 0],
                      [0, 0],
                      [-0.18, -0.64],
                      [0, 0],
                      [0, 0],
                      [-0.66, 0],
                      [0, 0],
                      [-0.18, 0.26],
                      [0, 0],
                      [0, 0],
                      [0, 0]
                    ],
                    "o": [
                      [0.72, 0],
                      [0, 0],
                      [0, 0],
                      [1.66, 0],
                      [0, -1.66],
                      [0, 0],
                      [0, 0],
                      [-0.38, -0.6],
                      [-1.4, 0],
                      [0, 0],
                      [0, 0],
                      [0, 0],
                      [-0.18, -0.26],
                      [0, 0],
                      [-0.66, 0],
                      [0, 0],
                      [0, 0],
                      [-0.18, 0.64],
                      [0, 0],
                      [0.32, 0],
                      [0, 0],
                      [0, 0],
                      [0, 0],
                      [-0.42, 1.36]
                    ],
                    "v": [
                      [-5.25, 19],
                      [-3.47, 18.02],
                      [5.91, 3],
                      [16.91, 3],
                      [19.91, 0],
                      [16.91, -3],
                      [5.91, -3],
                      [-3.47, -18.02],
                      [-5.25, -19],
                      [-7.25, -16.28],
                      [-3.09, -3],
                      [-14.09, -3],
                      [-16.79, -6.6],
                      [-17.59, -7],
                      [-18.77, -7],
                      [-19.73, -5.72],
                      [-18.09, 0],
                      [-19.73, 5.72],
                      [-18.77, 7],
                      [-17.59, 7],
                      [-16.79, 6.6],
                      [-14.09, 3],
                      [-3.09, 3],
                      [-7.25, 16.28]
                    ],
                    "c": true
                  },
                  "ix": 2
                },
                "nm": "Trazado 1",
                "mn": "ADBE Vector Shape - Group",
                "hd": false
              },
              {
                "ty": "fl",
                "c": {"a": 0, "k": [0, 0, 0, 1], "ix": 4},
                "o": {"a": 0, "k": 100, "ix": 5},
                "r": 1,
                "bm": 0,
                "nm": "Relleno 1",
                "mn": "ADBE Vector Graphic - Fill",
                "hd": false
              },
              {
                "ty": "tr",
                "p": {"a": 0, "k": [20.16, 19.25], "ix": 2},
                "a": {"a": 0, "k": [0, 0], "ix": 1},
                "s": {"a": 0, "k": [100, 100], "ix": 3},
                "r": {"a": 0, "k": 0, "ix": 6},
                "o": {"a": 0, "k": 100, "ix": 7},
                "sk": {"a": 0, "k": 0, "ix": 4},
                "sa": {"a": 0, "k": 0, "ix": 5},
                "nm": "Transformar"
              }
            ],
            "nm": "Grupo 1",
            "np": 2,
            "cix": 2,
            "bm": 0,
            "ix": 1,
            "mn": "ADBE Vector Group",
            "hd": false
          }
        ],
        "ip": 0,
        "op": 87,
        "st": 0,
        "bm": 0
      },
      {
        "ddd": 0,
        "ind": 2,
        "ty": 0,
        "nm": "Active",
        "refId": "comp_0",
        "sr": 1,
        "ks": {
          "o": {"a": 0, "k": 100, "ix": 11},
          "r": {"a": 0, "k": 0, "ix": 10},
          "p": {"a": 0, "k": [164, 24, 0], "ix": 2, "l": 2},
          "a": {"a": 0, "k": [164, 24, 0], "ix": 1, "l": 2},
          "s": {"a": 0, "k": [100, 100, 100], "ix": 6, "l": 2}
        },
        "ao": 0,
        "hasMask": true,
        "masksProperties": [
          {
            "inv": true,
            "mode": "a",
            "pt": {
              "a": 1,
              "k": [
                {
                  "i": {"x": 0.833, "y": 0.833},
                  "o": {"x": 0.167, "y": 0.167},
                  "t": 0,
                  "s": [
                    {
                      "i": [
                        [0, 0],
                        [0, 0],
                        [0, 0],
                        [0, 0]
                      ],
                      "o": [
                        [0, 0],
                        [0, 0],
                        [0, 0],
                        [0, 0]
                      ],
                      "v": [
                        [316.803, 10],
                        [10.5, 10],
                        [10.5, 36.816],
                        [316.803, 36.816]
                      ],
                      "c": true
                    }
                  ]
                },
                {
                  "i": {"x": 0.833, "y": 0.833},
                  "o": {"x": 0.167, "y": 0.167},
                  "t": 9,
                  "s": [
                    {
                      "i": [
                        [0, 0],
                        [0, 0],
                        [0, 0],
                        [0, 0]
                      ],
                      "o": [
                        [0, 0],
                        [0, 0],
                        [0, 0],
                        [0, 0]
                      ],
                      "v": [
                        [316.803, 10],
                        [30, 10],
                        [30, 36.816],
                        [316.803, 36.816]
                      ],
                      "c": true
                    }
                  ]
                },
                {
                  "i": {"x": 0.833, "y": 0.833},
                  "o": {"x": 0.167, "y": 0.167},
                  "t": 20,
                  "s": [
                    {
                      "i": [
                        [0, 0],
                        [0, 0],
                        [0, 0],
                        [0, 0]
                      ],
                      "o": [
                        [0, 0],
                        [0, 0],
                        [0, 0],
                        [0, 0]
                      ],
                      "v": [
                        [316.803, 10],
                        [71.5, 10],
                        [71.5, 36.816],
                        [316.803, 36.816]
                      ],
                      "c": true
                    }
                  ]
                },
                {
                  "i": {"x": 0.833, "y": 0.833},
                  "o": {"x": 0.167, "y": 0.167},
                  "t": 29,
                  "s": [
                    {
                      "i": [
                        [0, 0],
                        [0, 0],
                        [0, 0],
                        [0, 0]
                      ],
                      "o": [
                        [0, 0],
                        [0, 0],
                        [0, 0],
                        [0, 0]
                      ],
                      "v": [
                        [316.803, 10],
                        [109, 10],
                        [109, 36.816],
                        [316.803, 36.816]
                      ],
                      "c": true
                    }
                  ]
                },
                {
                  "i": {"x": 0.833, "y": 0.833},
                  "o": {"x": 0.167, "y": 0.167},
                  "t": 36,
                  "s": [
                    {
                      "i": [
                        [0, 0],
                        [0, 0],
                        [0, 0],
                        [0, 0]
                      ],
                      "o": [
                        [0, 0],
                        [0, 0],
                        [0, 0],
                        [0, 0]
                      ],
                      "v": [
                        [316.803, 10],
                        [149.5, 10],
                        [149.5, 36.816],
                        [316.803, 36.816]
                      ],
                      "c": true
                    }
                  ]
                },
                {
                  "i": {"x": 0.833, "y": 0.833},
                  "o": {"x": 0.167, "y": 0.167},
                  "t": 43,
                  "s": [
                    {
                      "i": [
                        [0, 0],
                        [0, 0],
                        [0, 0],
                        [0, 0]
                      ],
                      "o": [
                        [0, 0],
                        [0, 0],
                        [0, 0],
                        [0, 0]
                      ],
                      "v": [
                        [316.803, 10],
                        [189, 10],
                        [189, 36.816],
                        [316.803, 36.816]
                      ],
                      "c": true
                    }
                  ]
                },
                {
                  "i": {"x": 0.833, "y": 0.833},
                  "o": {"x": 0.167, "y": 0.167},
                  "t": 52,
                  "s": [
                    {
                      "i": [
                        [0, 0],
                        [0, 0],
                        [0, 0],
                        [0, 0]
                      ],
                      "o": [
                        [0, 0],
                        [0, 0],
                        [0, 0],
                        [0, 0]
                      ],
                      "v": [
                        [316.803, 10],
                        [230.5, 10],
                        [230.5, 36.816],
                        [316.803, 36.816]
                      ],
                      "c": true
                    }
                  ]
                },
                {
                  "i": {"x": 0.833, "y": 0.833},
                  "o": {"x": 0.167, "y": 0.167},
                  "t": 63,
                  "s": [
                    {
                      "i": [
                        [0, 0],
                        [0, 0],
                        [0, 0],
                        [0, 0]
                      ],
                      "o": [
                        [0, 0],
                        [0, 0],
                        [0, 0],
                        [0, 0]
                      ],
                      "v": [
                        [316.803, 10],
                        [272, 10],
                        [272, 36.816],
                        [316.803, 36.816]
                      ],
                      "c": true
                    }
                  ]
                },
                {
                  "t": 86,
                  "s": [
                    {
                      "i": [
                        [0, 0],
                        [0, 0],
                        [0, 0],
                        [0, 0]
                      ],
                      "o": [
                        [0, 0],
                        [0, 0],
                        [0, 0],
                        [0, 0]
                      ],
                      "v": [
                        [316.803, 10],
                        [308.5, 10],
                        [308.5, 36.816],
                        [316.803, 36.816]
                      ],
                      "c": true
                    }
                  ]
                }
              ],
              "ix": 1
            },
            "o": {"a": 0, "k": 100, "ix": 3},
            "x": {"a": 0, "k": 0, "ix": 4},
            "nm": "Máscara 1"
          }
        ],
        "w": 328,
        "h": 48,
        "ip": 0,
        "op": 87,
        "st": 0,
        "bm": 0
      },
      {
        "ddd": 0,
        "ind": 3,
        "ty": 4,
        "nm": "Desactive",
        "sr": 1,
        "ks": {
          "o": {"a": 0, "k": 100, "ix": 11},
          "r": {"a": 0, "k": 0, "ix": 10},
          "p": {"a": 0, "k": [164, 24, 0], "ix": 2, "l": 2},
          "a": {"a": 0, "k": [144.25, 4.25, 0], "ix": 1, "l": 2},
          "s": {"a": 0, "k": [100, 100, 100], "ix": 6, "l": 2}
        },
        "ao": 0,
        "shapes": [
          {
            "ty": "gr",
            "it": [
              {
                "ind": 0,
                "ty": "sh",
                "ix": 1,
                "ks": {
                  "a": 0,
                  "k": {
                    "i": [
                      [0, -2.209],
                      [2.209, 0],
                      [0, 2.209],
                      [-2.209, 0]
                    ],
                    "o": [
                      [0, 2.209],
                      [-2.209, 0],
                      [0, -2.209],
                      [2.209, 0]
                    ],
                    "v": [
                      [4, 0],
                      [0, 4],
                      [-4, 0],
                      [0, -4]
                    ],
                    "c": true
                  },
                  "ix": 2
                },
                "nm": "Trazado 1",
                "mn": "ADBE Vector Shape - Group",
                "hd": false
              },
              {
                "ty": "fl",
                "c": {
                  "a": 0,
                  "k": [0.854979092467, 0.854979092467, 0.854979092467, 1],
                  "ix": 4
                },
                "o": {"a": 0, "k": 100, "ix": 5},
                "r": 1,
                "bm": 0,
                "nm": "Relleno 1",
                "mn": "ADBE Vector Graphic - Fill",
                "hd": false
              },
              {
                "ty": "tr",
                "p": {"a": 0, "k": [284.25, 4.25], "ix": 2},
                "a": {"a": 0, "k": [0, 0], "ix": 1},
                "s": {"a": 0, "k": [100, 100], "ix": 3},
                "r": {"a": 0, "k": 0, "ix": 6},
                "o": {"a": 0, "k": 100, "ix": 7},
                "sk": {"a": 0, "k": 0, "ix": 4},
                "sa": {"a": 0, "k": 0, "ix": 5},
                "nm": "Transformar"
              }
            ],
            "nm": "Grupo 1",
            "np": 2,
            "cix": 2,
            "bm": 0,
            "ix": 1,
            "mn": "ADBE Vector Group",
            "hd": false
          },
          {
            "ty": "gr",
            "it": [
              {
                "ind": 0,
                "ty": "sh",
                "ix": 1,
                "ks": {
                  "a": 0,
                  "k": {
                    "i": [
                      [0, -2.209],
                      [2.209, 0],
                      [0, 2.209],
                      [-2.209, 0]
                    ],
                    "o": [
                      [0, 2.209],
                      [-2.209, 0],
                      [0, -2.209],
                      [2.209, 0]
                    ],
                    "v": [
                      [4, 0],
                      [0, 4],
                      [-4, 0],
                      [0, -4]
                    ],
                    "c": true
                  },
                  "ix": 2
                },
                "nm": "Trazado 1",
                "mn": "ADBE Vector Shape - Group",
                "hd": false
              },
              {
                "ty": "fl",
                "c": {
                  "a": 0,
                  "k": [0.854979092467, 0.854979092467, 0.854979092467, 1],
                  "ix": 4
                },
                "o": {"a": 0, "k": 100, "ix": 5},
                "r": 1,
                "bm": 0,
                "nm": "Relleno 1",
                "mn": "ADBE Vector Graphic - Fill",
                "hd": false
              },
              {
                "ty": "tr",
                "p": {"a": 0, "k": [244.25, 4.25], "ix": 2},
                "a": {"a": 0, "k": [0, 0], "ix": 1},
                "s": {"a": 0, "k": [100, 100], "ix": 3},
                "r": {"a": 0, "k": 0, "ix": 6},
                "o": {"a": 0, "k": 100, "ix": 7},
                "sk": {"a": 0, "k": 0, "ix": 4},
                "sa": {"a": 0, "k": 0, "ix": 5},
                "nm": "Transformar"
              }
            ],
            "nm": "Grupo 2",
            "np": 2,
            "cix": 2,
            "bm": 0,
            "ix": 2,
            "mn": "ADBE Vector Group",
            "hd": false
          },
          {
            "ty": "gr",
            "it": [
              {
                "ind": 0,
                "ty": "sh",
                "ix": 1,
                "ks": {
                  "a": 0,
                  "k": {
                    "i": [
                      [0, -2.209],
                      [2.209, 0],
                      [0, 2.209],
                      [-2.209, 0]
                    ],
                    "o": [
                      [0, 2.209],
                      [-2.209, 0],
                      [0, -2.209],
                      [2.209, 0]
                    ],
                    "v": [
                      [4, 0],
                      [0, 4],
                      [-4, 0],
                      [0, -4]
                    ],
                    "c": true
                  },
                  "ix": 2
                },
                "nm": "Trazado 1",
                "mn": "ADBE Vector Shape - Group",
                "hd": false
              },
              {
                "ty": "fl",
                "c": {
                  "a": 0,
                  "k": [0.854979092467, 0.854979092467, 0.854979092467, 1],
                  "ix": 4
                },
                "o": {"a": 0, "k": 100, "ix": 5},
                "r": 1,
                "bm": 0,
                "nm": "Relleno 1",
                "mn": "ADBE Vector Graphic - Fill",
                "hd": false
              },
              {
                "ty": "tr",
                "p": {"a": 0, "k": [204.25, 4.25], "ix": 2},
                "a": {"a": 0, "k": [0, 0], "ix": 1},
                "s": {"a": 0, "k": [100, 100], "ix": 3},
                "r": {"a": 0, "k": 0, "ix": 6},
                "o": {"a": 0, "k": 100, "ix": 7},
                "sk": {"a": 0, "k": 0, "ix": 4},
                "sa": {"a": 0, "k": 0, "ix": 5},
                "nm": "Transformar"
              }
            ],
            "nm": "Grupo 3",
            "np": 2,
            "cix": 2,
            "bm": 0,
            "ix": 3,
            "mn": "ADBE Vector Group",
            "hd": false
          },
          {
            "ty": "gr",
            "it": [
              {
                "ind": 0,
                "ty": "sh",
                "ix": 1,
                "ks": {
                  "a": 0,
                  "k": {
                    "i": [
                      [0, -2.209],
                      [2.209, 0],
                      [0, 2.209],
                      [-2.209, 0]
                    ],
                    "o": [
                      [0, 2.209],
                      [-2.209, 0],
                      [0, -2.209],
                      [2.209, 0]
                    ],
                    "v": [
                      [4, 0],
                      [0, 4],
                      [-4, 0],
                      [0, -4]
                    ],
                    "c": true
                  },
                  "ix": 2
                },
                "nm": "Trazado 1",
                "mn": "ADBE Vector Shape - Group",
                "hd": false
              },
              {
                "ty": "fl",
                "c": {
                  "a": 0,
                  "k": [0.854979092467, 0.854979092467, 0.854979092467, 1],
                  "ix": 4
                },
                "o": {"a": 0, "k": 100, "ix": 5},
                "r": 1,
                "bm": 0,
                "nm": "Relleno 1",
                "mn": "ADBE Vector Graphic - Fill",
                "hd": false
              },
              {
                "ty": "tr",
                "p": {"a": 0, "k": [164.25, 4.25], "ix": 2},
                "a": {"a": 0, "k": [0, 0], "ix": 1},
                "s": {"a": 0, "k": [100, 100], "ix": 3},
                "r": {"a": 0, "k": 0, "ix": 6},
                "o": {"a": 0, "k": 100, "ix": 7},
                "sk": {"a": 0, "k": 0, "ix": 4},
                "sa": {"a": 0, "k": 0, "ix": 5},
                "nm": "Transformar"
              }
            ],
            "nm": "Grupo 4",
            "np": 2,
            "cix": 2,
            "bm": 0,
            "ix": 4,
            "mn": "ADBE Vector Group",
            "hd": false
          },
          {
            "ty": "gr",
            "it": [
              {
                "ind": 0,
                "ty": "sh",
                "ix": 1,
                "ks": {
                  "a": 0,
                  "k": {
                    "i": [
                      [0, -2.209],
                      [2.209, 0],
                      [0, 2.209],
                      [-2.209, 0]
                    ],
                    "o": [
                      [0, 2.209],
                      [-2.209, 0],
                      [0, -2.209],
                      [2.209, 0]
                    ],
                    "v": [
                      [4, 0],
                      [0, 4],
                      [-4, 0],
                      [0, -4]
                    ],
                    "c": true
                  },
                  "ix": 2
                },
                "nm": "Trazado 1",
                "mn": "ADBE Vector Shape - Group",
                "hd": false
              },
              {
                "ty": "fl",
                "c": {
                  "a": 0,
                  "k": [0.854979092467, 0.854979092467, 0.854979092467, 1],
                  "ix": 4
                },
                "o": {"a": 0, "k": 100, "ix": 5},
                "r": 1,
                "bm": 0,
                "nm": "Relleno 1",
                "mn": "ADBE Vector Graphic - Fill",
                "hd": false
              },
              {
                "ty": "tr",
                "p": {"a": 0, "k": [124.25, 4.25], "ix": 2},
                "a": {"a": 0, "k": [0, 0], "ix": 1},
                "s": {"a": 0, "k": [100, 100], "ix": 3},
                "r": {"a": 0, "k": 0, "ix": 6},
                "o": {"a": 0, "k": 100, "ix": 7},
                "sk": {"a": 0, "k": 0, "ix": 4},
                "sa": {"a": 0, "k": 0, "ix": 5},
                "nm": "Transformar"
              }
            ],
            "nm": "Grupo 5",
            "np": 2,
            "cix": 2,
            "bm": 0,
            "ix": 5,
            "mn": "ADBE Vector Group",
            "hd": false
          },
          {
            "ty": "gr",
            "it": [
              {
                "ind": 0,
                "ty": "sh",
                "ix": 1,
                "ks": {
                  "a": 0,
                  "k": {
                    "i": [
                      [0, -2.209],
                      [2.209, 0],
                      [0, 2.209],
                      [-2.209, 0]
                    ],
                    "o": [
                      [0, 2.209],
                      [-2.209, 0],
                      [0, -2.209],
                      [2.209, 0]
                    ],
                    "v": [
                      [4, 0],
                      [0, 4],
                      [-4, 0],
                      [0, -4]
                    ],
                    "c": true
                  },
                  "ix": 2
                },
                "nm": "Trazado 1",
                "mn": "ADBE Vector Shape - Group",
                "hd": false
              },
              {
                "ty": "fl",
                "c": {
                  "a": 0,
                  "k": [0.854979092467, 0.854979092467, 0.854979092467, 1],
                  "ix": 4
                },
                "o": {"a": 0, "k": 100, "ix": 5},
                "r": 1,
                "bm": 0,
                "nm": "Relleno 1",
                "mn": "ADBE Vector Graphic - Fill",
                "hd": false
              },
              {
                "ty": "tr",
                "p": {"a": 0, "k": [84.25, 4.25], "ix": 2},
                "a": {"a": 0, "k": [0, 0], "ix": 1},
                "s": {"a": 0, "k": [100, 100], "ix": 3},
                "r": {"a": 0, "k": 0, "ix": 6},
                "o": {"a": 0, "k": 100, "ix": 7},
                "sk": {"a": 0, "k": 0, "ix": 4},
                "sa": {"a": 0, "k": 0, "ix": 5},
                "nm": "Transformar"
              }
            ],
            "nm": "Grupo 6",
            "np": 2,
            "cix": 2,
            "bm": 0,
            "ix": 6,
            "mn": "ADBE Vector Group",
            "hd": false
          },
          {
            "ty": "gr",
            "it": [
              {
                "ind": 0,
                "ty": "sh",
                "ix": 1,
                "ks": {
                  "a": 0,
                  "k": {
                    "i": [
                      [0, -2.209],
                      [2.209, 0],
                      [0, 2.209],
                      [-2.209, 0]
                    ],
                    "o": [
                      [0, 2.209],
                      [-2.209, 0],
                      [0, -2.209],
                      [2.209, 0]
                    ],
                    "v": [
                      [4, 0],
                      [0, 4],
                      [-4, 0],
                      [0, -4]
                    ],
                    "c": true
                  },
                  "ix": 2
                },
                "nm": "Trazado 1",
                "mn": "ADBE Vector Shape - Group",
                "hd": false
              },
              {
                "ty": "fl",
                "c": {
                  "a": 0,
                  "k": [0.854979092467, 0.854979092467, 0.854979092467, 1],
                  "ix": 4
                },
                "o": {"a": 0, "k": 100, "ix": 5},
                "r": 1,
                "bm": 0,
                "nm": "Relleno 1",
                "mn": "ADBE Vector Graphic - Fill",
                "hd": false
              },
              {
                "ty": "tr",
                "p": {"a": 0, "k": [44.25, 4.25], "ix": 2},
                "a": {"a": 0, "k": [0, 0], "ix": 1},
                "s": {"a": 0, "k": [100, 100], "ix": 3},
                "r": {"a": 0, "k": 0, "ix": 6},
                "o": {"a": 0, "k": 100, "ix": 7},
                "sk": {"a": 0, "k": 0, "ix": 4},
                "sa": {"a": 0, "k": 0, "ix": 5},
                "nm": "Transformar"
              }
            ],
            "nm": "Grupo 7",
            "np": 2,
            "cix": 2,
            "bm": 0,
            "ix": 7,
            "mn": "ADBE Vector Group",
            "hd": false
          },
          {
            "ty": "gr",
            "it": [
              {
                "ind": 0,
                "ty": "sh",
                "ix": 1,
                "ks": {
                  "a": 0,
                  "k": {
                    "i": [
                      [0, -2.209],
                      [2.209, 0],
                      [0, 2.209],
                      [-2.209, 0]
                    ],
                    "o": [
                      [0, 2.209],
                      [-2.209, 0],
                      [0, -2.209],
                      [2.209, 0]
                    ],
                    "v": [
                      [4, 0],
                      [0, 4],
                      [-4, 0],
                      [0, -4]
                    ],
                    "c": true
                  },
                  "ix": 2
                },
                "nm": "Trazado 1",
                "mn": "ADBE Vector Shape - Group",
                "hd": false
              },
              {
                "ty": "fl",
                "c": {
                  "a": 0,
                  "k": [0.854979092467, 0.854979092467, 0.854979092467, 1],
                  "ix": 4
                },
                "o": {"a": 0, "k": 100, "ix": 5},
                "r": 1,
                "bm": 0,
                "nm": "Relleno 1",
                "mn": "ADBE Vector Graphic - Fill",
                "hd": false
              },
              {
                "ty": "tr",
                "p": {"a": 0, "k": [4.25, 4.25], "ix": 2},
                "a": {"a": 0, "k": [0, 0], "ix": 1},
                "s": {"a": 0, "k": [100, 100], "ix": 3},
                "r": {"a": 0, "k": 0, "ix": 6},
                "o": {"a": 0, "k": 100, "ix": 7},
                "sk": {"a": 0, "k": 0, "ix": 4},
                "sa": {"a": 0, "k": 0, "ix": 5},
                "nm": "Transformar"
              }
            ],
            "nm": "Grupo 8",
            "np": 2,
            "cix": 2,
            "bm": 0,
            "ix": 8,
            "mn": "ADBE Vector Group",
            "hd": false
          }
        ],
        "ip": 0,
        "op": 87,
        "st": 0,
        "bm": 0
      }
    ],
    "markers": []
  }