{
  "devices": [
    {
      "installationId": "ad04b626-de4c-424e-9538-fd2a1d63db55",
      "lastUsed": 1682053678104
    },
    {
      "installationId": "5f5c8caa-edc3-4302-bcd2-b6f105fd4f20",
      "lastUsed": 1681985048167
    },
    {
      "installationId": "c78792d5-e61c-4bcf-89eb-b49f8ee78419",
      "lastUsed": 1681708013565
    },
    {
      "installationId": "fe41bb8a-503b-455b-9168-653ed71bc639",
      "lastUsed": 1681123571158
    },
    {
      "installationId": "09ddbbe5-45b7-441a-9de7-410cf7bf7acb",
      "lastUsed": 1680774508490
    }
  ]
}
